{
  "TestName": "test1-picard",
  "SpaceNodes": [
    0,
    1,
    2,
    3,
    4,
    5
  ],
  "TimePoints": [
    0,
    0.2,
    0.4,
    0.6000000000000001,
    0.8,
    1
  ],
  "Picard": {
    "Method": "Picard",
    "Solutions": [
      [
        3,
        3,
        3,
        3,
        3,
        3
      ],
      [
        3,
        3.2,
        3.4000000000000004,
        3.6,
        3.8000000000000007,
        4
      ],
      [
        3,
        3.4,
        3.8,
        4.2,
        4.6,
        5
      ],
      [
        3,
        3.6,
        4.199999999999999,
        4.800000000000001,
        5.3999999999999995,
        6
      ],
      [
        3,
        3.7999999999999994,
        4.599999999999999,
        5.4,
        6.2,
        7
      ],
      [
        3,
        3.9999999999999996,
        4.999999999999999,
        5.999999999999999,
        6.999999999999997,
        8
      ]
    ],
    "Iterations": [
      0,
      1,
      1,
      1,
      1,
      1
    ],
    "ResidualHistories": [
      [],
      [
        9.864738324783737E-17
      ],
      [
        0
      ],
      [
        1.0740555346617973E-16
      ],
      [
        6.798354004180099E-17
      ],
      [
        1.3749235603765288E-16
      ]
    ]
  },
  "Newton": null
}