{
  "TestName": "test2-picard",
  "SpaceNodes": [
    0,
    1,
    2,
    3,
    4,
    5
  ],
  "TimePoints": [
    0,
    0.2,
    0.4,
    0.6000000000000001,
    0.8,
    1
  ],
  "Picard": {
    "Method": "Picard",
    "Solutions": [
      [
        5,
        5,
        5,
        5,
        5,
        5
      ],
      [
        5,
        5.394686678744871,
        6.200146869643392,
        7.39777596346191,
        9.00599737459914,
        11
      ],
      [
        5,
        5.794880162306277,
        7.407274012763214,
        9.797568079690139,
        13.019939145995526,
        17
      ],
      [
        5,
        6.197537362400998,
        8.618474504031033,
        12.197960185161039,
        17.037885923661143,
        23.000000000000004
      ],
      [
        5,
        6.601462521053047,
        9.832354539038011,
        14.598614319193684,
        21.05827980914108,
        29
      ],
      [
        5,
        7.006101169274328,
        11.048124663350045,
        16.999417963288337,
        25.080338198719506,
        35
      ]
    ],
    "Iterations": [
      0,
      277,
      39,
      24,
      18,
      15
    ],
    "ResidualHistories": [
      [],
      [
        0.6085716305825105,
        0.644981207515969,
        0.29140833187448273,
        0.27947067485092475,
        0.16858894170618532,
        0.1158724741392665,
        0.1253507468069098,
        0.12046867442127769,
        0.08900870207485978,
        0.07735398747026193,
        0.10248270080004643,
        0.11241126658505757,
        0.10376428760358887,
        0.07430253974803414,
        0.07418105884220173,
        0.09361858716992205,
        0.09570842503725724,
        0.0841997066179874,
        0.06170476209448915,
        0.06795693823257885,
        0.07888938748940089,
        0.07677972527164441,
        0.0649649428669003,
        0.05121111452862783,
        0.058716109927926176,
        0.0620486309479013,
        0.058972581071614474,
        0.048541068329895964,
        0.04216818881778765,
        0.04772912206913798,
        0.04668974254144874,
        0.04408637790288948,
        0.03584918482125406,
        0.03410454122344737,
        0.03672557664526589,
        0.0344479011536917,
        0.032347857264904765,
        0.02655205163933114,
        0.026942512385261134,
        0.027139316631669484,
        0.025348016523214462,
        0.02341196621320631,
        0.019867631228244045,
        0.020733270508774,
        0.01962794785165169,
        0.01869796777068777,
        0.01680432423849204,
        0.015022415523814872,
        0.015532158615521242,
        0.014150562795482888,
        0.013771176945003022,
        0.012047147403582249,
        0.011413021685687532,
        0.011362468694351258,
        0.010300718451230735,
        0.010066281537870763,
        0.008699225080305722,
        0.008635523779849417,
        0.008178734964005506,
        0.0075950019070222296,
        0.007280914586131032,
        0.006370018032806826,
        0.006454974957154253,
        0.005858293875023318,
        0.0056391806556608986,
        0.0052200704493111285,
        0.0047344759132064785,
        0.004746026877901977,
        0.004225859520139514,
        0.004177024680006287,
        0.003733445179482931,
        0.0035497979377232813,
        0.003434730725540035,
        0.003092641822190607,
        0.003063829944248603,
        0.002688024559210718,
        0.002658575464505294,
        0.0024609850791701407,
        0.002293729776126715,
        0.0022192995220503904,
        0.001962818867589991,
        0.001971590105653994,
        0.0017628669921076017,
        0.0017101012778112615,
        0.0015916122850710755,
        0.0014549921244586888,
        0.0014412735920802855,
        0.0012754652207785263,
        0.0012691454786859777,
        0.001138447151065943,
        0.0010877769790129657,
        0.0010393666409385027,
        0.000937078967435198,
        0.0009311662179372988,
        0.0008200930374126331,
        0.0008120339601516406,
        0.000743805119767403,
        0.000697093494165765,
        0.0006741328033082617,
        0.0005993439805957926,
        0.0006001966311379364,
        0.0005333376054414078,
        0.0005203889345969794,
        0.0004832443268796016,
        0.0004444810961094471,
        0.0004374802736045148,
        0.00038683800628336735,
        0.0003860974895685041,
        0.0003457682528988287,
        0.0003321174186021771,
        0.00031488027092917045,
        0.0002849664752832829,
        0.00028294102396747036,
        0.0002494069626153666,
        0.0002475318472798147,
        0.000225237160577669,
        0.00021233163125122174,
        0.0002045706499293559,
        0.00018259172047459908,
        0.00018255575236641037,
        0.0001616907266249068,
        0.0001585270298805668,
        0.00014654468051305365,
        0.00013557288763909513,
        0.0001327782933544847,
        0.00011753738506180953,
        0.00011748750945273638,
        0.00010490654135087353,
        0.00010129621810412924,
        9.54323150500485E-05,
        8.677062528311863E-05,
        8.595308822404848E-05,
        7.57941418313266E-05,
        7.540423488691574E-05,
        6.825386891271904E-05,
        6.472125757193869E-05,
        6.205200929124598E-05,
        5.560023392746526E-05,
        5.5504466117585274E-05,
        4.906031868629952E-05,
        4.830305019696102E-05,
        4.4423105126294854E-05,
        4.133617024996598E-05,
        4.029325156244056E-05,
        3.574004928441705E-05,
        3.574713834638796E-05,
        3.182259235647856E-05,
        3.088457466480557E-05,
        2.892561787671363E-05,
        2.643493768294507E-05,
        2.610459416483768E-05,
        2.3033203064461047E-05,
        2.2962174909625207E-05,
        2.0689233500719968E-05,
        1.973197910609157E-05,
        1.8817547982564273E-05,
        1.6931075476585066E-05,
        1.6870801275201158E-05,
        1.489246141100364E-05,
        1.4717104203840757E-05,
        1.3464856783795021E-05,
        1.2602732194208913E-05,
        1.2225325520012264E-05,
        1.0872305829474328E-05,
        1.0874243768042767E-05,
        9.65390872077366E-06,
        9.414865014193294E-06,
        8.767288771177485E-06,
        8.055654858368356E-06,
        7.926199748739288E-06,
        7.000984152021568E-06,
        6.990669266794686E-06,
        6.272507767097245E-06,
        6.016070893749212E-06,
        5.705546948784663E-06,
        5.156627035228831E-06,
        5.1266003596265404E-06,
        4.522132294650202E-06,
        4.4833924469284574E-06,
        4.081255699712938E-06,
        3.842459262543964E-06,
        3.7085923510548965E-06,
        3.308478841795314E-06,
        3.3071281565152554E-06,
        2.9291952259760227E-06,
        2.8696330904807894E-06,
        2.6572745665354445E-06,
        2.455274716557886E-06,
        2.4060822480383042E-06,
        2.1285253812409276E-06,
        2.127745769077114E-06,
        1.9019927209590012E-06,
        1.83419208116207E-06,
        1.7297192139417645E-06,
        1.5708423045570027E-06,
        1.5574443400682993E-06,
        1.373561383616473E-06,
        1.3655624541330389E-06,
        1.237106948389352E-06,
        1.1715633069215066E-06,
        1.1248168133274487E-06,
        1.0070646169325058E-06,
        1.005524632425493E-06,
        8.889751023950234E-07,
        8.745342971646075E-07,
        8.053802165945769E-07,
        7.484389445401815E-07,
        7.302279532740855E-07,
        6.473238646630918E-07,
        6.474634904011718E-07,
        5.768347545576892E-07,
        5.591785208438241E-07,
        5.243365196900233E-07,
        4.786108250697392E-07,
        4.730284449437758E-07,
        4.1732954196134287E-07,
        4.158416695468439E-07,
        3.750219867686409E-07,
        3.572126693004287E-07,
        3.411023684418362E-07,
        3.066188400157122E-07,
