{
  "TestName": "test1-picard",
  "SpaceNodes": [
    0,
    1,
    2,
    3,
    4,
    5
  ],
  "TimePoints": [
    0,
    0.2,
    0.4,
    0.6000000000000001,
    0.8,
    1
  ],
  "Picard": {
    "Method": "Picard",
    "Solutions": [
      [
        3,
        3,
        3,
        3,
        3,
        3
      ],
      [
        2,
        2.581254991606927,
        2.600159731421657,
        2.623856413886113,
        3.3632455129339407,
        27
      ],
      [
        2,
        2.088514731419385,
        2.2065729161734997,
        2.493066930234281,
        7.277414351823238,
        27
      ],
      [
        2,
        1.7084727526541406,
        1.8679688756773036,
        3.027164637281259,
        9.720024572653669,
        27
      ],
      [
        2,
        1.4125810567016728,
        1.6932943829842053,
        3.7352747355698295,
        11.352237167970298,
        27
      ],
      [
        2,
        1.1994377669377838,
        1.6639154930545985,
        4.440691389767754,
        12.505056513344464,
        27
      ]
    ],
    "Iterations": [
      0,
      1,
      1,
      1,
      1,
      1
    ],
    "ResidualHistories": [
      [],
      [
        1.2741076705050237E-16
      ],
      [
        1.4414476426443108E-16
      ],
      [
        1.1631114682716175E-16
      ],
      [
        2.575220726726012E-17
      ],
      [
        1.1828818194690058E-17
      ]
    ]
  },
  "Newton": null
}