{
  "TestName": "test4-picard",
  "SpaceNodes": [
    0,
    1,
    2,
    3,
    4,
    5
  ],
  "TimePoints": [
    0,
    0.2,
    0.4,
    0.6000000000000001,
    0.8,
    1
  ],
  "Picard": {
    "Method": "Picard",
    "Solutions": [
      [
        5,
        5,
        5,
        5,
        5,
        5
      ],
      [
        0,
        8.133332695682949,
        17.49164626185432,
        40.62434768365528,
        84.51247961511423,
        0
      ],
      [
        0,
        12.829142355107964,
        35.23267014052424,
        84.41997500789022,
        148.12394705401408,
        0
      ],
      [
        0,
        20.25896742814879,
        57.965759895980725,
        131.57135961775856,
        203.96016174179658,
        0
      ],
      [
        0,
        30.308978839466324,
        84.90417482004311,
        180.38278225276238,
        255.5130567242964,
        0
      ],
      [
        0,
        42.76010084450196,
        115.24777613452085,
        230.25143359815905,
        304.6812962296218,
        0
      ]
    ],
    "Iterations": [
      0,
      1,
      1,
      1,
      1,
      1
    ],
    "ResidualHistories": [
      [],
      [
        2.8660140119315156E-17
      ],
      [
        7.054538252690816E-17
      ],
      [
        1.8194333885731856E-16
      ],
      [
        1.3608048077497269E-16
      ],
      [
        1.5642240949267758E-16
      ]
    ]
  },
  "Newton": null
}